# Name	Upstream dock	Arrival	Previous action	Unlock checks (cache script 9104)	Verified ground approach
Port Sarim	3038 3192 0	3038 3189 1	Port Sarim		3038 3192 0
Brimhaven	2760 3238 0	2763 3238 1	Brimhaven		2760 3238 0
Catherby	2792 3414 0	2792 3417 1	Catherby		2792 3414 0
Mos Le'Harmless	3671 2931 0	3668 2931 1	Mos Le'Harmless	p655>=140;p302>=61	3671 2931 0
Musa Point	2954 3158 0	2957 3158 1	Musa Point		2954 3158 0
Port Khazard	2674 3144 0	2674 3141 1	Port Khazard		2674 3144 0
Port Phasmatys	3702 3503 0	3705 3503 1	Port Phasmatys	p302>=61	3702 3503 0
Karamja Shipyard	3001 3032 0	2998 3032 1	Shipyard	p365>=2;p150>=160	3001 3032 0
Port Tyras	2142 3122 0	2142 3125 1	Port Tyras	p328>=15	2142 3122 0
Corsair Cove	2589 2851 0	2592 2851 1	Corsair Cove		2589 2851 0
Prifddinas	2157 3330 0	2157 3333 1	Prifddinas	b9016>=200	2157 3330 0
Port Piscarilius	1808 3679 0	1811 3679 1	Port Piscarilius	b4897>=1	1808 3679 0
Land's End	1496 3403 0	1493 3403 1	Land's End	b4897>=1	1496 3403 0
Civitas illa Fortis	1743 3136 0	1747 3136 1	Civitas illa Fortis	b9650>=1	1743 3136 0
Aldarin	1455 2968 0	1458 2968 1	Aldarin	b9650>=1	1455 2968 0
Sunset Coast	1514 2971 0	1514 2968 1	Sunset Coast	b9650>=1	1514 2971 0
The Pandemonium	3058 2975 0	3060 3000 1	The Pandemonium	b18314>=16	3063 3000 0
The Summer Shore	3155 2415 0	3187 2365 1	The Summer Shore	b18321>=12	3187 2368 0
Red Rock	2805 2502 0	2808 2502 1	Red Rock	b18335>=12	2805 2502 0
Deepfin Point	1943 2757 0	1944 2751 1	Deepfin Point	b19566>=1	1944 2754 0
Port Roberts	1889 3292 0	1871 3314 1	Port Roberts	b18152>=1	1871 3311 0
