# x	y	plane	members	wilderness	damage
# Source: OSRS Wiki Altar/Locations, fetched 2026-09-21; fixed public prayer altars and shrines.
3259	3381	0	true	false	false
2414	9680	0	true	false	false
2454	3231	0	true	false	false
3239	3608	0	false	true	false
3027	3510	1	false	false	false
2932	3513	0	false	false	false
2947	3820	0	false	true	false
2571	9499	0	true	false	false
3121	3106	0	false	false	false
3243	3207	0	false	false	false
2995	3177	0	false	false	false
3376	3285	0	false	false	false
3208	3494	1	false	false	false
2694	3462	0	true	false	false
2617	3309	0	true	false	false
2529	3286	0	true	false	false
2604	3208	0	true	false	false
2607	3208	0	true	false	false
3416	3488	0	true	false	false
2853	3348	0	true	false	false
3051	3498	1	false	false	false
2341	9629	0	true	false	false
2356	3171	1	true	false	false
3263	6091	2	true	false	false
3246	6116	0	true	false	false
2283	3427	0	true	false	false
3253	3486	0	false	false	false
1617	3672	2	true	false	false
2728	3282	0	true	false	false
2749	3496	1	true	false	false
2889	3510	1	true	false	false
3280	2774	0	true	false	false
1733	3572	0	true	false	false
1743	3500	0	true	false	false
1688	3792	2	true	false	false
1547	3807	0	true	false	false
1282	3677	0	true	false	false
1310	3619	0	true	false	false
1802	9950	0	true	false	false
3126	3635	0	false	false	false
3177	3625	0	false	false	false
3421	3179	0	false	false	false
1497	3562	0	true	false	false
2925	3484	0	true	false	false
3441	9740	1	true	false	false
2937	5323	0	true	false	false
2900	5237	0	true	false	false
2821	5301	0	true	false	false
2869	5370	0	true	false	false
2939	5202	0	true	false	false
3494	9671	0	true	false	false
3738	3307	0	true	false	false
3743	4320	0	true	false	false
1795	9949	0	true	false	false
2796	3091	0	true	false	false
3604	3354	0	true	false	false
2797	2794	0	true	false	false
2797	2794	1	true	false	false
3426	2930	0	true	false	false
3036	9974	0	false	false	false
1701	3085	0	true	false	false
1569	3166	0	true	false	false
1449	3171	0	true	false	false
1734	2927	0	true	false	false
1681	3031	0	true	false	false
1225	3103	0	true	false	false
